"Model","MAE"
"Random Forest",1.41182858916526
"XGBoost",1.42039520791639
"SVM",1.42133233266622
"Linear Regression",1.45942707985595
