"Model","MAE"
"SVM",1.38152761019478
"XGBoost",1.39601827526665
"Random Forest",1.41730208869405
"Linear Regression",1.43624340404105
